Phenotype,t_stat,p_value
Phenotype_A,-422.2999299666619,0.0
Phenotype_B,-128.80470422135608,0.0
Phenotype_C,-219.18470647668124,0.0
Phenotype_D,210.49691260590038,0.0
Phenotype_E,17.77937630316923,1.0739877331134183e-70
